<?xml version="1.0" encoding="UTF-8"?>

<beans xmlns="http://www.springframework.org/schema/beans"
	xmlns:context="http://www.springframework.org/schema/context"
	xmlns:tx="http://www.springframework.org/schema/tx"
	xmlns:xsi="http://www.w3.org/2001/XMLSchema-instance"
	xsi:schemaLocation="http://www.springframework.org/schema/beans 
  http://www.springframework.org/schema/beans/spring-beans-2.5.xsd
  http://www.springframework.org/schema/aop 
  http://www.springframework.org/schema/aop/spring-aop-2.5.xsd
  http://www.springframework.org/schema/context 
  http://www.springframework.org/schema/context/spring-context-2.5.xsd
  http://www.springframework.org/schema/tx 
  http://www.springframework.org/schema/tx/spring-tx-2.5.xsd"
   >

	
	<context:component-scan base-package="com.virtusa.payroll.controller"/>
	<context:component-scan base-package="com.virtusa.payroll.dao"/>
	<context:component-scan base-package="com.virtusa.payroll.service"/>
	
	
	
	<context:annotation-config />
	

	<bean
		class="org.springframework.web.servlet.view.InternalResourceViewResolver">
		<property name="prefix" value="/" />
		<property name="suffix" value=".jsp" />
	</bean>


	 <!-- DataSource -->
    <bean class="org.springframework.jdbc.datasource.DriverManagerDataSource"
        id="dataSource">
        <property name="driverClassName" value="com.mysql.jdbc.Driver"></property>
        <property name="url" value="jdbc:mysql://localhost:3306/payroll"></property>
        <property name="username" value="root"></property>
        <property name="password" value="root"></property>
    
    </bean>
 	
 	
    <!-- Hibernate SessionFactory -->
    
    <bean id="sessionFactory"
        class="org.springframework.orm.hibernate4.LocalSessionFactoryBean">
        <property name="dataSource" ref="dataSource"></property>
        <property name="hibernateProperties">
            <props>
                <prop key="hibernate.dialect">org.hibernate.dialect.MySQLDialect</prop>
                <prop key="hibernate.hbm2ddl.auto">true</prop>
                <prop key="hibernate.format_sql">true</prop>
                <prop key="hibernate.show_sql">update</prop>
                
            </props>
        </property>
        <property name="packagesToScan" value="com.virtusa.payroll.model"></property>
    </bean>
 
    <!-- Transaction -->
    <bean id="transactionManager"
        class="org.springframework.orm.hibernate4.HibernateTransactionManager">
        <property name="sessionFactory" ref="sessionFactory" />
    </bean>
 
    <tx:annotation-driven transaction-manager="transactionManager"/>
    
	
</beans>
